{"cameraMode":{"drawMode":0,"name":"Shaded","section":"Shading Mode"},"sceneLighting":true,"audioPlay":false,"sceneViewState":{"showFog":false,"showMaterialUpdate":false,"showSkybox":false,"showFlares":false,"showImageEffects":false,"showParticleSystems":false},"in2DMode":false,"pivot":{"x":7.1990790367126469,"y":2.3679990768432619,"z":-2.995002031326294},"rotation":{"x":-0.37318235635757449,"y":0.49557921290397646,"z":-0.24863141775131226,"w":-0.7438538670539856},"size":8.050868034362793,"orthographic":false}