{"cameraMode":{"drawMode":0,"name":"Shaded","section":"Shading Mode"},"sceneLighting":false,"audioPlay":false,"sceneViewState":{"showFog":false,"showMaterialUpdate":false,"showSkybox":false,"showFlares":false,"showImageEffects":false,"showParticleSystems":false},"in2DMode":false,"pivot":{"x":-1.0183496475219727,"y":0.555206298828125,"z":-0.07096177339553833},"rotation":{"x":0.05875438079237938,"y":-0.02663990668952465,"z":0.0015665522078052164,"w":0.9979157447814941},"size":17.380966186523439,"orthographic":false}