{"cameraMode":{"drawMode":0,"name":"Shaded","section":"Shading Mode"},"sceneLighting":false,"audioPlay":false,"sceneViewState":{"showFog":false,"showMaterialUpdate":false,"showSkybox":false,"showFlares":false,"showImageEffects":false,"showParticleSystems":false},"in2DMode":false,"pivot":{"x":-0.9560167193412781,"y":-0.8964982032775879,"z":0.4205198287963867},"rotation":{"x":-0.37303319573402407,"y":0.23724114894866944,"z":-0.0992739200592041,"w":-0.8914637565612793},"size":4.558931350708008,"orthographic":false}