{"cameraMode":{"drawMode":0,"name":"Shaded","section":"Shading Mode"},"sceneLighting":false,"audioPlay":false,"sceneViewState":{"showFog":true,"showMaterialUpdate":false,"showSkybox":true,"showFlares":true,"showImageEffects":true,"showParticleSystems":true},"in2DMode":false,"pivot":{"x":-3.80973482131958,"y":4.409999847412109,"z":-5.97846794128418},"rotation":{"x":-0.028898876160383226,"y":0.9133882522583008,"z":-0.0658780038356781,"w":-0.4006832242012024},"size":7.865037441253662,"orthographic":false}