{"cameraMode":{"drawMode":0,"name":"Shaded","section":"Shading Mode"},"sceneLighting":false,"audioPlay":false,"sceneViewState":{"showFog":false,"showMaterialUpdate":false,"showSkybox":false,"showFlares":false,"showImageEffects":false,"showParticleSystems":false},"in2DMode":false,"pivot":{"x":-0.20952320098876954,"y":0.5748460292816162,"z":-0.967104434967041},"rotation":{"x":0.3682198226451874,"y":-0.22771736979484559,"z":-0.09348718822002411,"w":-0.8965595960617065},"size":3.7954580783843996,"orthographic":false}