{"cameraMode":{"drawMode":0,"name":"Shaded","section":"Shading Mode"},"sceneLighting":false,"audioPlay":false,"sceneViewState":{"showFog":false,"showMaterialUpdate":false,"showSkybox":false,"showFlares":false,"showImageEffects":false,"showParticleSystems":false},"in2DMode":false,"pivot":{"x":-8.928030967712403,"y":6.832451820373535,"z":17.10175323486328},"rotation":{"x":-0.12735043466091157,"y":-0.8663623332977295,"z":0.280866801738739,"w":-0.39282575249671938},"size":69.75397491455078,"orthographic":false}