{"cameraMode":{"drawMode":0,"name":"Shaded","section":"Shading Mode"},"sceneLighting":false,"audioPlay":false,"sceneViewState":{"showFog":false,"showMaterialUpdate":false,"showSkybox":false,"showFlares":false,"showImageEffects":false,"showParticleSystems":false},"in2DMode":false,"pivot":{"x":-0.15569859743118287,"y":0.25000011920928957,"z":-5.364418029785156e-7},"rotation":{"x":0.11279688030481339,"y":0.8016414046287537,"z":-0.16007927060127259,"w":0.5648207068443298},"size":1.8441338539123536,"orthographic":true}