{"cameraMode":{"drawMode":0,"name":"Shaded","section":"Shading Mode"},"sceneLighting":false,"audioPlay":false,"sceneViewState":{"showFog":false,"showMaterialUpdate":false,"showSkybox":false,"showFlares":false,"showImageEffects":false,"showParticleSystems":false},"in2DMode":false,"pivot":{"x":0.0315789058804512,"y":0.741943359375,"z":0.06045656278729439},"rotation":{"x":-0.051549915224313739,"y":-0.3278076946735382,"z":0.017916690558195115,"w":-0.9431668519973755},"size":2.492856025695801,"orthographic":true}