{"cameraMode":{"drawMode":0,"name":"Shaded","section":"Shading Mode"},"sceneLighting":false,"audioPlay":false,"sceneViewState":{"showFog":true,"showMaterialUpdate":false,"showSkybox":true,"showFlares":true,"showImageEffects":true,"showParticleSystems":true},"in2DMode":false,"pivot":{"x":-1.0574531555175782,"y":-17.568538665771486,"z":63.72917175292969},"rotation":{"x":-0.14211489260196687,"y":0.2394605427980423,"z":-0.03545645251870155,"w":-0.9597941637039185},"size":2.8578836917877199,"orthographic":false}