{"cameraMode":{"drawMode":0,"name":"Shaded","section":"Shading Mode"},"sceneLighting":false,"audioPlay":false,"sceneViewState":{"showFog":false,"showMaterialUpdate":false,"showSkybox":false,"showFlares":false,"showImageEffects":false,"showParticleSystems":false},"in2DMode":false,"pivot":{"x":109.35355377197266,"y":-0.5981082916259766,"z":2.4460010528564455},"rotation":{"x":0.1486610472202301,"y":-0.04892889782786369,"z":0.007363332435488701,"w":0.9876496195793152},"size":34.82395935058594,"orthographic":false}