{"cameraMode":{"drawMode":0,"name":"Shaded","section":"Shading Mode"},"sceneLighting":false,"audioPlay":false,"sceneViewState":{"showFog":false,"showMaterialUpdate":false,"showSkybox":false,"showFlares":false,"showImageEffects":false,"showParticleSystems":false},"in2DMode":false,"pivot":{"x":-6.875916481018066,"y":6.599977493286133,"z":-0.8061456680297852},"rotation":{"x":0.27066129446029665,"y":0.6638545989990234,"z":-0.281768798828125,"w":0.6376879215240479},"size":45.10304641723633,"orthographic":false}