{"cameraMode":{"drawMode":0,"name":"Shaded","section":"Shading Mode"},"sceneLighting":false,"audioPlay":false,"sceneViewState":{"showFog":false,"showMaterialUpdate":false,"showSkybox":false,"showFlares":false,"showImageEffects":false,"showParticleSystems":false},"in2DMode":false,"pivot":{"x":14.047866821289063,"y":3.465303421020508,"z":39.88054275512695},"rotation":{"x":-0.23131920397281648,"y":0.47366946935653689,"z":-0.13048501312732697,"w":-0.8397037386894226},"size":19.327850341796876,"orthographic":false}