{"cameraMode":{"drawMode":0,"name":"Shaded","section":"Shading Mode"},"sceneLighting":false,"audioPlay":false,"sceneViewState":{"showFog":false,"showMaterialUpdate":false,"showSkybox":false,"showFlares":false,"showImageEffects":false,"showParticleSystems":false},"in2DMode":false,"pivot":{"x":3.9539761543273927,"y":4.182392597198486,"z":1.3903465270996094},"rotation":{"x":-0.19680321216583253,"y":0.7454869747161865,"z":-0.25061726570129397,"w":-0.5854132175445557},"size":31.192516326904298,"orthographic":false}