{"cameraMode":{"drawMode":0,"name":"Shaded","section":"Shading Mode"},"sceneLighting":false,"audioPlay":false,"sceneViewState":{"showFog":false,"showMaterialUpdate":false,"showSkybox":false,"showFlares":false,"showImageEffects":false,"showParticleSystems":false},"in2DMode":false,"pivot":{"x":-0.9451026916503906,"y":0.8443684577941895,"z":-0.7102891206741333},"rotation":{"x":-0.03685740754008293,"y":0.9437240362167358,"z":-0.1126541793346405,"w":-0.3087646961212158},"size":16.486217498779298,"orthographic":false}