{"cameraMode":{"drawMode":0,"name":"Shaded","section":"Shading Mode"},"sceneLighting":false,"audioPlay":false,"sceneViewState":{"showFog":false,"showMaterialUpdate":false,"showSkybox":false,"showFlares":false,"showImageEffects":false,"showParticleSystems":false},"in2DMode":false,"pivot":{"x":1.7381300926208497,"y":0.08665037155151367,"z":-1.8660080432891846},"rotation":{"x":-0.19059966504573823,"y":0.4705934524536133,"z":-0.10489244014024735,"w":-0.8551088571548462},"size":10.0,"orthographic":false}