{"cameraMode":{"drawMode":0,"name":"Shaded","section":"Shading Mode"},"sceneLighting":false,"audioPlay":false,"sceneViewState":{"showFog":false,"showMaterialUpdate":false,"showSkybox":false,"showFlares":false,"showImageEffects":false,"showParticleSystems":false},"in2DMode":false,"pivot":{"x":12.055061340332032,"y":-17.469188690185548,"z":-2.8447265625},"rotation":{"x":-0.21966086328029633,"y":-0.7559998035430908,"z":0.3123573362827301,"w":-0.5316449403762817},"size":79.95267486572266,"orthographic":false}