{"cameraMode":{"drawMode":0,"name":"Shaded","section":"Shading Mode"},"sceneLighting":true,"audioPlay":false,"sceneViewState":{"showFog":false,"showMaterialUpdate":false,"showSkybox":false,"showFlares":false,"showImageEffects":false,"showParticleSystems":false},"in2DMode":false,"pivot":{"x":-0.45460084080696108,"y":0.04850959777832031,"z":-0.022936232388019563},"rotation":{"x":-0.410448282957077,"y":0.5735043287277222,"z":-0.40409407019615176,"w":-0.5825229287147522},"size":5.084484577178955,"orthographic":false}