{"cameraMode":{"drawMode":0,"name":"Shaded","section":"Shading Mode"},"sceneLighting":false,"audioPlay":false,"sceneViewState":{"showFog":false,"showMaterialUpdate":false,"showSkybox":false,"showFlares":false,"showImageEffects":false,"showParticleSystems":false},"in2DMode":false,"pivot":{"x":100.921142578125,"y":-0.5103378295898438,"z":-1.9438362121582032},"rotation":{"x":-0.03407879173755646,"y":-0.9645849466323853,"z":0.2089342176914215,"w":-0.1573566347360611},"size":332.56317138671877,"orthographic":false}