{"cameraMode":{"drawMode":0,"name":"Shaded","section":"Shading Mode"},"sceneLighting":false,"audioPlay":false,"sceneViewState":{"showFog":false,"showMaterialUpdate":false,"showSkybox":false,"showFlares":false,"showImageEffects":false,"showParticleSystems":false},"in2DMode":false,"pivot":{"x":0.7117636203765869,"y":-0.8850204944610596,"z":-0.07164835929870606},"rotation":{"x":-0.2745665907859802,"y":-0.5418698191642761,"z":0.19308848679065705,"w":-0.7705239653587341},"size":4.879607200622559,"orthographic":false}