{"cameraMode":{"drawMode":0,"name":"Shaded","section":"Shading Mode"},"sceneLighting":false,"audioPlay":false,"sceneViewState":{"showFog":false,"showMaterialUpdate":false,"showSkybox":false,"showFlares":false,"showImageEffects":false,"showParticleSystems":false},"in2DMode":false,"pivot":{"x":1.7037906646728516,"y":-1.4636311531066895,"z":-0.9290647506713867},"rotation":{"x":-0.3545912802219391,"y":-0.310199499130249,"z":0.1259915828704834,"w":-0.8730220198631287},"size":10.308290481567383,"orthographic":false}