{"cameraMode":{"drawMode":0,"name":"Shaded","section":"Shading Mode"},"sceneLighting":false,"audioPlay":false,"sceneViewState":{"showFog":false,"showMaterialUpdate":false,"showSkybox":false,"showFlares":false,"showImageEffects":false,"showParticleSystems":false},"in2DMode":false,"pivot":{"x":0.37996530532836916,"y":-0.27903175354003909,"z":3.3082656860351564},"rotation":{"x":-0.42517340183258059,"y":-0.03474871814250946,"z":0.016338365152478219,"w":-0.9042970538139343},"size":30.86785888671875,"orthographic":false}